ACCIDENT_YEAR,COLLISION_DATE,COLLISION_TIME,MONTH,SEASON,24HOURS,DAY_OF_WEEK,INTERSECTION,WEATHER_1,STATE_HWY_IND,ROAD_SURFACE,ROAD_COND_1,LIGHTING,STWD_VEHTYPE_AT_FAULT,CHP_VEHTYPE_AT_FAULT,DIRECTION,PCF_VIOL_CATEGORY,TYPE_OF_COLLISION,PEDESTRIAN_ACCIDENT,BICYCLE_ACCIDENT,MOTORCYCLE_ACCIDENT,TRUCK_ACCIDENT,MVIW,TOW_AWAY,HIT_AND_RUN,CONTROL_DEVICE,NUMBER_INJURED,COUNT_PED_INJURED,COUNT_BICYCLIST_INJURED,COUNT_MC_INJURED,PCF_VIOLATION,PARTY_COUNT,POINT_Y,POINT_X,COLLISION_SEVERITY
2019,2019-11-29,1219,11,3,12,5,N,D,N,C,H,A,A,07,E,03,A,,,,,C,Y,N,D,1,0,0,0,22350.0,2,39.32624816894531,-120.27873229980467,4
2015,2015-12-18,2115,12,4,21,5,Y,B,N,B,H,D,A,01,,01,E,,,,,I,Y,N,A,2,0,0,0,23152.0,1,39.21307989,-121.01721996,3
2015,2015-11-26,2130,11,3,21,4,N,B,Y,C,H,C,A,07,W,03,E,,,,,J,Y,N,D,1,0,0,0,22350.0,1,39.38966965,-120.02489132,4
2015,2015-12-18,200,12,4,2,5,N,A,Y,C,H,D,A,01,W,03,E,,,,,I,Y,N,D,1,0,0,0,22350.0,1,39.37947237,-120.07269579,4
2015,2015-12-06,1612,12,4,16,7,N,B,Y,A,H,A,G,25,W,07,B,,,,Y,C,Y,M,D,1,0,0,0,21658.0,2,39.32602288,-120.23610862,4
2019,2019-11-27,1913,11,3,19,3,N,A,N,C,H,D,A,08,S,08,G,Y,,,,B,N,N,D,1,1,0,0,22107.0,2,39.32566452026367,-120.20359802246094,4
2015,2015-12-20,1515,12,4,15,7,N,D,Y,C,H,A,D,22,E,03,F,,,,,J,Y,N,D,2,0,0,0,22350.0,1,,,4
2015,2015-11-18,855,11,3,8,3,N,A,Y,A,D,A,A,07,S,03,F,,,,,A,Y,N,A,1,0,0,0,22350.0,1,39.2726519,-121.07677746,3
2015,2015-12-11,1630,12,4,16,5,N,A,Y,A,H,D,A,01,E,03,E,,,,,I,Y,N,D,1,0,0,0,22350.0,1,39.32677028,-120.38008396,4
2015,2015-12-11,1130,12,4,11,5,N,B,Y,C,C,A,A,01,E,03,E,,,,,A,N,N,D,1,0,0,0,22350.0,1,39.3315111,-120.28734087,3
2015,2015-12-17,2345,12,4,23,4,N,A,Y,C,H,D,G,25,E,03,E,,,,Y,I,Y,N,D,1,0,0,0,22350.0,1,39.31762802,-120.43131339,4
2015,2015-12-25,710,12,4,7,5,N,B,Y,C,H,A,A,07,E,03,C,,,,,C,Y,N,A,1,0,0,0,22350.0,2,39.31690249,-120.55719572,4
2015,2015-12-22,200,12,4,2,2,N,B,N,B,H,D,A,01,N,08,E,,,,,I,Y,N,D,1,0,0,0,22107.0,1,39.14116857,-121.06934013,4
2015,2015-12-26,1430,12,4,14,6,Y,A,Y,A,H,A,A,07,,09,D,,,,,C,Y,N,A,2,0,0,0,21802.0,2,39.14585833,-121.0696001,4
2015,2015-12-24,2308,12,4,23,4,N,B,Y,C,H,D,A,01,W,08,E,,,,,I,Y,N,A,1,0,0,0,22107.0,1,39.38953696,-120.02469723,4
2015,2015-12-25,2340,12,4,23,5,N,A,N,A,H,D,A,07,S,08,E,,,,,I,Y,M,D,1,0,0,0,22107.0,1,39.19411,-121.02746,4
2015,2015-12-24,1230,12,4,12,4,N,B,Y,C,H,A,D,22,W,03,C,,,,,C,Y,N,D,1,0,0,0,22350.0,2,39.20565861,-121.11370036,4
2015,2015-12-26,1550,12,4,15,6,N,B,Y,C,H,A,A,01,E,03,C,,,,,C,Y,N,D,1,0,0,0,22350.0,2,39.31940572,-120.60964783,4
2015,2015-12-26,1520,12,4,15,6,N,A,Y,B,H,A,D,22,E,08,F,,,,,I,Y,N,A,1,0,0,0,22107.0,1,39.32253825,-120.83160311,4
2015,2015-12-30,515,12,4,5,3,N,B,Y,B,H,D,D,22,N,08,F,,,,,A,Y,N,D,1,0,0,0,22107.0,1,39.13052306,-121.0742604,4
2015,2015-12-28,2021,12,4,20,1,N,D,Y,A,H,D,G,25,E,08,E,,,,Y,I,Y,N,D,1,0,0,0,22107.0,1,,,4
2015,2015-12-20,1725,12,4,17,7,N,B,Y,B,H,D,A,01,S,01,B,,,,,C,Y,N,D,5,0,0,0,23152.0,3,39.06171995,-121.08889536,2
2015,2015-12-22,1030,12,4,10,2,N,B,N,B,H,A,A,01,S,03,E,,,,,I,Y,N,D,1,0,0,0,22350.0,1,39.18888031,-121.06619828,4
2015,2015-12-22,1445,12,4,14,2,N,E,Y,B,H,A,A,01,W,05,A,,,,,C,Y,N,D,3,0,0,0,21460.0,2,39.3182036,-120.88969555,4
2015,2015-12-28,1525,12,4,15,1,N,A,Y,B,H,A,A,01,W,03,E,,,,,I,Y,N,D,1,0,0,0,22350.0,1,39.21625192,-121.06048533,3
2015,2015-12-26,2220,12,4,22,6,N,A,Y,C,H,C,D,22,E,01,F,,,,,A,Y,N,D,1,0,0,0,23152.0,1,39.32332,-120.20567,3
2016,2016-01-05,1920,1,4,19,2,N,B,Y,C,H,C,A,08,W,03,A,,,,,C,Y,N,D,2,0,0,0,22350.0,2,,,4
2015,2015-12-06,1930,12,4,19,7,N,C,Y,B,H,D,D,22,E,03,C,,,,,C,N,N,D,1,0,0,0,22350.0,2,39.25264389,-121.0217623,4
2016,2016-01-04,1755,1,4,17,1,N,B,Y,B,H,D,A,01,N,03,C,,,,,C,N,N,D,1,0,0,0,22350.0,2,39.19082223,-120.99167764,4
2015,2015-12-29,1450,12,4,14,2,N,A,Y,A,H,A,D,22,W,05,A,,,,,C,Y,N,D,2,0,0,0,21460.0,2,39.28328096,-120.97128011,3
2015,2015-12-26,1515,12,4,15,6,N,A,Y,A,H,A,A,01,N,08,E,,,,,I,Y,N,D,1,0,0,0,22107.0,1,39.2018896,-121.06120951,2
2015,2015-12-28,1600,12,4,16,1,N,D,Y,C,H,A,A,07,W,03,B,,,,,C,Y,N,D,1,0,0,0,22350.0,2,39.40903028,-120.02719428,4
2016,2016-01-05,1400,1,4,14,2,N,B,Y,C,H,A,A,01,E,03,C,Y,,,Y,C,Y,N,D,1,1,0,0,22350.0,3,39.3413797,-120.34295199,3
2016,2016-01-04,1650,1,4,16,1,N,D,Y,C,H,D,A,07,E,03,E,,,,,J,Y,N,D,2,0,0,0,22350.0,1,39.32751212,-120.38643917,3
2016,2016-01-05,1014,1,4,10,2,N,D,Y,C,H,A,A,01,W,03,D,,,,,C,Y,N,A,1,0,0,0,22350.0,2,39.39425729,-120.02545895,3
2015,2015-12-24,1309,12,4,13,4,N,D,Y,C,H,A,D,22,W,03,B,,,,,C,Y,N,A,1,0,0,0,22350.0,3,39.32723522,-120.23920981,4
2016,2016-01-07,1500,1,4,15,4,N,D,Y,C,H,A,A,01,W,03,E,,,,,I,N,N,D,1,0,0,0,22350.0,2,39.33650439,-120.17395698,4
2016,2016-01-06,730,1,4,7,3,N,B,Y,C,H,A,D,22,E,03,E,,,,,I,Y,N,D,1,0,0,0,22350.0,1,39.38388063,-120.08240337,2
2016,2016-01-05,1000,1,4,10,2,N,D,Y,C,H,A,D,22,W,03,C,,,,,C,Y,N,A,1,0,0,0,22350.0,2,39.39307909,-120.02562,4
2016,2016-01-06,900,1,4,9,3,N,B,Y,B,H,A,D,22,W,03,E,,,,,I,Y,N,D,1,0,0,0,22350.0,1,39.23480901,-121.03725134,3
2016,2016-01-08,635,1,4,6,5,N,A,Y,B,H,C,A,07,W,03,F,,,,,A,Y,N,D,1,0,0,0,22350.0,1,39.22588348,-121.04764187,2
2016,2016-01-14,1800,1,4,18,4,N,B,N,B,H,D,A,01,N,05,A,,,,,C,Y,N,A,2,0,0,0,21460.0,2,39.08050716,-121.12427473,4
2016,2016-01-03,140,1,4,1,7,N,B,Y,A,H,C,A,01,W,01,E,,,,,I,Y,N,D,1,0,0,0,23152.0,1,39.33714,-120.16752,4
2015,2015-12-28,1113,12,4,11,1,N,B,Y,C,H,A,A,01,W,03,C,,,,,C,Y,N,D,1,0,0,0,22350.0,3,39.33527386,-120.35581981,4
2015,2015-12-19,1800,12,4,18,6,N,B,Y,B,H,D,A,01,N,05,A,,,,,C,Y,N,D,1,0,0,0,21460.0,2,,,4
2016,2016-01-14,805,1,4,8,4,N,A,Y,B,H,A,A,01,W,03,E,,,,,J,Y,N,D,1,0,0,0,22350.0,1,39.33032163,-120.57630128,3
2016,2016-01-11,1230,1,4,12,1,N,B,N,A,H,A,A,01,E,08,E,,,,,I,Y,N,D,1,0,0,0,22107.0,1,39.21602736,-121.00370739,3
2016,2016-01-17,1930,1,4,19,7,N,D,Y,C,H,D,A,07,E,08,C,Y,,,,C,N,N,A,1,1,0,0,22107.0,3,39.34110872,-120.32127042,4
2016,2016-01-17,1940,1,4,19,7,N,D,Y,C,H,D,A,01,E,03,C,,,,,C,Y,N,A,1,0,0,0,22350.0,2,39.34111937,-120.32131804,4
2015,2015-12-10,1800,12,4,18,4,N,C,N,C,H,D,A,07,W,03,F,,,,,I,Y,N,D,0,0,0,0,22350.0,1,39.39215109,-120.90100836,1
2016,2016-01-14,1726,1,4,17,4,N,D,Y,C,H,C,D,22,E,03,C,,,,,E,Y,N,A,2,0,0,0,22350.0,2,39.32595602,-120.59931696,4
2016,2016-01-12,1915,1,4,19,2,Y,A,Y,A,H,C,A,07,,09,A,,,,,C,Y,N,D,3,0,0,0,21801.0,2,39.03476418,-121.09610664,3
2015,2015-12-24,1311,12,4,13,4,N,D,Y,C,H,A,G,25,W,03,C,,,,Y,C,Y,N,A,3,0,0,0,22350.0,5,39.32723522,-120.23920981,3
2016,2016-01-07,1550,1,4,15,4,N,D,Y,C,H,A,A,01,W,03,F,,,,,A,Y,N,D,2,0,0,0,22350.0,1,39.33769623,-120.16966614,3
2016,2016-01-09,1412,1,4,14,6,N,C,Y,B,H,A,A,01,S,05,A,,,,,C,Y,N,D,1,0,0,0,21460.0,2,39.18065002,-120.97378615,3
2016,2016-01-07,1045,1,4,10,4,N,D,N,C,H,A,A,01,E,08,A,,,,,C,Y,N,A,2,0,0,0,22107.0,2,,,4
2015,2015-12-11,940,12,4,9,5,N,B,N,B,H,A,A,07,W,08,F,,,,,A,Y,N,A,0,0,0,0,22107.0,1,39.04332111,-121.10037111,1
2015,2015-12-09,2225,12,4,22,3,N,C,N,B,H,D,A,01,S,01,E,,,,,I,Y,N,D,0,0,0,0,23152.0,1,39.24047,-121.0,1
2016,2016-01-16,2111,1,4,21,6,N,A,Y,C,H,C,A,07,E,03,E,,,,,I,Y,N,D,2,0,0,0,22350.0,1,39.33963171,-120.16561624,3
2016,2016-01-23,1245,1,4,12,6,N,C,N,B,H,A,A,01,S,08,F,,,,,A,Y,N,D,1,0,0,0,22107.0,1,39.20563166,-121.01158273,4
2016,2016-01-21,230,1,4,2,4,N,B,Y,A,H,D,D,22,N,01,E,,,,,I,Y,N,D,2,0,0,0,23152.0,1,39.29739442,-121.09304259,2
2019,2019-12-04,1400,12,4,14,3,Y,B,N,B,H,A,A,07,,12,D,,,,,C,Y,N,A,2,0,0,0,21453.0,3,39.21615,-121.061745,4
2016,2016-01-26,1527,1,4,15,2,N,A,N,A,H,A,-,- ,E,18,H,,,,,H,N,N,D,2,0,0,0,,1,39.21433995,-120.97688199,3
2016,2016-01-27,1015,1,4,10,3,N,A,Y,A,H,A,A,07,W,03,C,,,,,C,N,N,A,1,0,0,0,22350.0,2,39.20504698,-121.20529783,4
2016,2016-01-19,1838,1,4,18,2,N,B,N,B,H,D,A,01,W,03,A,,,,,C,Y,N,A,2,0,0,0,22350.0,2,39.21202203,-121.01870491,3
2016,2016-01-19,845,1,4,8,2,N,D,N,C,H,A,A,07,E,03,E,,,,,I,Y,N,A,1,0,0,0,22350.0,1,39.32470184,-120.27862326,4
2016,2016-01-26,2225,1,4,22,2,N,A,N,A,H,D,A,01,S,03,A,,,,,C,Y,N,D,1,0,0,0,22350.0,2,39.27399922,-121.01555405,3
2016,2016-01-26,1610,1,4,16,2,N,A,Y,A,H,A,A,07,W,08,E,,,,,J,Y,N,D,1,0,0,0,22107.0,1,39.38855191,-120.02486306,3
2016,2016-01-26,1305,1,4,13,2,N,A,Y,A,H,A,D,22,N,08,E,,,,,I,Y,N,D,1,0,0,0,22107.0,1,39.20700398,-121.04105783,4
2016,2016-01-25,1715,1,4,17,1,N,A,N,A,H,D,A,01,S,03,C,,,,,C,Y,N,D,2,0,0,0,22350.0,2,39.19351011,-121.05386948,4
2016,2016-01-24,1915,1,4,19,7,N,B,Y,B,H,D,C,06,S,01,E,,,Y,,I,Y,N,D,1,0,0,1,23152.0,1,39.15543213,-120.96806487,3
2016,2016-02-02,835,2,4,8,2,N,D,N,C,H,A,A,01,N,03,C,,,,,C,Y,N,D,3,0,0,0,22350.0,2,39.30261954,-120.97826409,3
2016,2016-01-28,800,1,4,8,4,N,A,N,A,H,A,D,22,N,03,C,,,,,C,N,N,A,1,0,0,0,22350.0,2,39.21910967,-121.02360934,4
2016,2016-01-31,1424,1,4,14,7,N,D,Y,C,H,A,G,25,W,03,C,,,,Y,C,Y,M,D,2,0,0,0,22350.0,4,39.43762743,-120.02251763,4
2016,2016-01-31,1426,1,4,14,7,N,D,Y,C,H,A,D,22,W,03,C,,,,,C,Y,N,D,2,0,0,0,22350.0,4,39.43720121,-120.02316894,2
2016,2016-02-03,1420,2,4,14,3,N,B,N,B,H,A,C,02,E,03,F,,,Y,,A,N,N,D,1,0,0,1,22350.0,1,39.23881862,-120.92369622,3
2016,2016-01-31,1427,1,4,14,7,N,D,Y,A,H,A,G,25,W,03,B,,,,Y,C,Y,N,D,1,0,0,0,22350.0,6,39.43720121,-120.02316894,4
2016,2016-02-05,300,2,4,3,5,N,A,Y,A,H,D,A,07,N,08,E,,,,,I,Y,N,D,1,0,0,0,22107.0,1,39.29686778,-121.09536666,3
2016,2016-01-30,1220,1,4,12,6,N,A,Y,B,H,A,A,01,W,03,E,,,,,I,Y,N,D,1,0,0,0,22350.0,1,39.31640215,-120.55659967,2
2016,2016-02-03,2023,2,4,20,3,N,B,Y,B,H,D,A,07,W,01,E,,,,,I,Y,N,D,1,0,0,0,23152.0,1,39.26040643,-121.01822473,3
2016,2016-01-27,2000,1,4,20,3,N,A,Y,A,H,D,D,22,N,01,B,,,,,C,Y,N,D,1,0,0,0,23152.0,2,39.0441395,-121.09445747,4
2016,2016-01-31,1442,1,4,14,7,N,D,Y,C,H,A,D,22,E,03,C,,,,,C,Y,N,D,1,0,0,0,22350.0,4,39.43883103,-120.02069748,2
2016,2016-02-02,1508,2,4,15,2,N,D,Y,C,H,A,G,25,E,03,F,,,,Y,A,Y,N,D,1,0,0,0,22350.0,1,39.32960755,-120.3672437,4
2016,2016-01-28,1650,1,4,16,4,N,B,N,B,H,A,A,01,S,03,C,,,,,C,Y,N,D,1,0,0,0,22350.0,2,39.19504214,-121.05457229,4
2016,2016-02-12,1250,2,4,12,5,Y,A,N,A,H,A,A,01,,03,C,,,,,C,N,N,D,1,0,0,0,22350.0,2,39.17442993,-121.04565992,4
2016,2016-02-10,220,2,4,2,3,N,A,N,A,H,D,A,07,W,08,E,,,,,I,Y,N,D,1,0,0,0,22107.0,1,39.21577157,-121.03380034,3
2016,2016-02-02,1025,2,4,10,2,Y,C,Y,B,H,A,A,07,,12,D,,,,,C,Y,N,A,1,0,0,0,21453.0,2,39.14111533,-121.07117256,4
2016,2016-02-09,1700,2,4,17,2,N,A,N,A,H,A,-,- ,N,18,H,,,Y,,H,N,N,D,1,0,0,1,,1,39.30950744,-120.9738548,3
2016,2016-02-06,610,2,4,6,6,N,A,N,A,H,B,A,01,E,08,E,,,,,I,N,N,D,1,0,0,0,22107.0,1,39.04333752,-121.10038752,4
2016,2016-02-07,1015,2,4,10,7,N,A,Y,A,H,A,C,02,S,17,B,,,Y,,C,Y,N,A,1,0,0,1,21662.0,2,39.27185007,-121.06691983,3
2016,2016-02-06,2300,2,4,23,6,N,A,N,A,H,D,A,07,N,08,E,,,,,I,Y,N,D,1,0,0,0,22107.0,1,39.19342014,-121.05345079,4
2016,2016-02-17,1420,2,4,14,3,Y,B,N,A,H,A,A,07,,09,D,,,,,C,N,N,A,1,0,0,0,21802.0,2,39.04313989,-121.09209999,4
2016,2016-02-10,1635,2,4,16,3,N,A,Y,A,H,A,A,01,S,03,C,,,,,C,Y,N,A,2,0,0,0,22350.0,2,39.15607151,-121.06326857,4
2016,2016-02-10,1010,2,4,10,3,N,A,Y,A,H,A,G,25,W,03,C,,,,Y,C,Y,N,D,1,0,0,0,22350.0,4,39.44186598,-120.01434217,4
2016,2016-02-18,940,2,4,9,4,N,B,Y,A,H,A,A,01,S,03,E,,,,,I,Y,N,D,1,0,0,0,22350.0,1,39.2771993,-121.08380297,3
2016,2016-02-08,620,2,4,6,1,N,A,Y,A,H,C,A,01,W,05,C,,,,,C,Y,N,D,4,0,0,0,21650.0,3,39.25785845,-121.01819944,2
2016,2016-02-10,1530,2,4,15,3,N,A,N,A,H,A,A,01,N,00,B,,Y,,,G,N,N,D,1,0,1,0,21760.0,2,39.23642171,-121.10480888,4
2016,2016-02-22,655,2,4,6,1,N,A,Y,A,H,A,G,25,E,08,E,,,,Y,I,Y,N,D,1,0,0,0,22107.0,1,39.32914876,-120.36711465,4
2016,2016-02-18,1935,2,4,19,4,N,B,Y,B,H,D,D,22,W,03,E,,,,,I,Y,N,D,2,0,0,0,22350.0,1,39.3252518,-120.60155354,4
2015,2015-11-14,1755,11,3,17,6,N,A,Y,A,H,D,A,07,S,01,E,,,,,I,Y,N,D,0,0,0,0,23152.0,1,39.43925775,-120.2109869,1
2016,2016-02-10,1325,2,4,13,3,N,A,N,A,H,A,-,99,N,21,C,,,,,C,N,M,A,1,0,0,0,22106.0,2,39.19756244,-121.17817961,4
2019,2019-12-22,1205,12,4,12,7,Y,D,Y,C,H,A,A,01,,03,C,,,,,E,N,N,D,1,0,0,0,22350.0,2,39.36737823486328,-120.18206024169922,4
2016,2016-02-26,1252,2,4,12,5,N,A,Y,A,B,A,C,02,W,03,F,,,Y,,A,Y,N,D,1,0,0,1,22350.0,1,39.33729,-120.16753,2
2016,2016-02-21,1700,2,4,17,7,N,B,N,A,H,A,C,02,W,01,D,,,Y,,C,Y,N,A,3,0,0,2,23152.0,3,39.09776538,-121.15132064,2
2016,2016-02-29,145,2,4,1,1,N,A,Y,A,H,D,A,01,E,08,E,,,,,I,Y,N,D,1,0,0,0,22107.0,1,39.34268988,-120.33534973,2
2016,2016-03-04,1345,3,1,13,5,N,C,Y,B,H,A,A,01,W,03,C,,,,,C,Y,M,D,1,0,0,0,22350.0,2,39.23274227,-121.03925063,4
2016,2016-03-05,2115,3,1,21,6,N,C,Y,B,G,D,A,01,N,03,C,,,,,C,Y,N,D,3,0,0,0,22350.0,2,39.07815946,-121.08700719,4
2016,2016-03-01,1710,3,1,17,2,N,A,N,A,H,A,D,22,E,01,E,,,,,I,N,N,D,1,0,0,0,23152.0,1,39.26914749,-120.99414612,3
2015,2015-10-15,1400,10,3,14,4,N,A,Y,A,D,A,D,22,W,08,C,,,,,C,Y,N,D,1,0,0,0,22107.0,4,39.3378843,-120.35229618,1
2016,2016-03-06,740,3,1,7,7,N,B,Y,C,H,A,A,07,W,03,C,,,,,C,Y,N,D,1,0,0,0,22350.0,2,39.37023911,-120.04242458,4
2016,2016-03-01,1140,3,1,11,2,N,A,N,A,H,A,L,04,W,17,F,,Y,,,A,N,N,D,1,0,1,0,21200.0,1,39.26315233,-121.00694836,2
2016,2016-03-06,715,3,1,7,7,N,B,Y,C,H,A,A,07,E,03,E,,,,,I,Y,N,D,1,0,0,0,22350.0,1,39.32598623,-120.59801952,4
2016,2016-02-24,2111,2,4,21,3,N,A,Y,A,H,D,A,01,S,01,E,,,,,I,Y,N,D,1,0,0,0,23152.0,1,39.1413654,-120.96680955,3
2016,2016-03-02,115,3,1,1,3,N,A,Y,A,H,D,A,01,S,08,E,,,,,I,Y,N,D,1,0,0,0,22107.0,1,39.19966865,-121.03397,3
2016,2016-03-06,1834,3,1,18,7,N,B,Y,C,H,B,A,07,E,03,C,,,,,C,N,N,A,1,0,0,0,22350.0,2,39.32689941,-120.59331352,4
2016,2016-03-12,610,3,1,6,6,N,B,N,B,H,D,A,07,E,01,E,,,,,I,Y,N,D,1,0,0,0,23152.0,1,39.294258,-121.02990645,2
2016,2016-02-25,1130,2,4,11,4,N,A,N,A,H,A,D,22,S,09,D,,Y,,,G,N,N,D,1,0,1,0,21801.0,2,39.12933219,-121.05820866,3
2016,2016-02-28,355,2,4,3,7,N,A,Y,A,H,D,A,01,W,01,E,,,,,I,Y,N,D,1,0,0,0,23152.0,1,39.37589514,-120.03125103,2
2016,2016-03-13,949,3,1,9,7,N,B,Y,C,H,A,K,45,E,22,C,,,,,J,N,N,A,1,0,0,0,,2,39.34120857,-120.31810741,4
2016,2016-03-13,1000,3,1,10,7,N,C,N,B,H,A,D,22,E,08,E,,,,,I,N,N,D,2,0,0,0,22107.0,1,39.10833709,-121.02996112,4
2016,2016-03-17,1230,3,1,12,4,N,A,N,A,H,A,A,07,N,03,C,,,,,C,Y,N,D,1,0,0,0,22350.0,2,39.20174905,-121.17060813,4
2016,2016-03-19,1020,3,1,10,6,N,A,N,A,H,A,A,07,W,04,C,,,,,C,N,N,D,2,0,0,0,21703.0,2,39.26249338,-121.00888347,4
2016,2016-03-05,2225,3,1,22,6,N,D,Y,C,H,D,A,01,E,03,C,,,,Y,C,Y,N,A,1,0,0,0,22350.0,2,39.32754622,-120.37196316,2
2016,2016-03-06,1650,3,1,16,7,N,B,Y,C,H,A,A,07,E,03,C,,,,,C,Y,N,D,1,0,0,0,22350.0,2,39.34097228,-120.32004163,3
2016,2016-03-12,1625,3,1,16,6,N,D,Y,C,E,A,D,22,E,08,D,,,,,C,Y,N,D,2,0,0,0,22107.0,2,39.30432576,-120.71805713,4
2016,2016-03-06,1605,3,1,16,7,N,D,Y,C,H,A,A,08,E,03,E,,,,,I,Y,N,D,6,0,0,0,22350.0,1,39.32746902,-120.59257652,2
2016,2016-03-22,1628,3,1,16,2,N,B,N,B,H,A,D,22,E,09,D,,,,,C,Y,N,D,1,0,0,0,21804.0,2,39.21746559,-121.00068438,4
2016,2016-03-16,715,3,1,7,3,N,A,Y,A,H,A,E,22,N,03,C,,,,,C,N,N,D,1,0,0,0,22350.0,2,39.26712211,-121.03050436,4
2016,2016-03-26,1230,3,1,12,6,N,A,Y,A,H,A,D,22,N,08,C,,,Y,,C,Y,N,D,1,0,0,1,22107.0,2,39.15441301,-121.06503297,4
2016,2016-03-25,1500,3,1,15,5,N,A,N,A,H,A,A,07,W,09,D,,,,,C,Y,N,D,1,0,0,0,21804.0,2,39.04262728,-121.09504104,3
2016,2016-03-19,1150,3,1,11,6,N,A,Y,A,H,A,A,01,W,08,E,,,,,I,Y,N,D,2,0,0,0,22107.0,1,,,3
2016,2016-03-16,2245,3,1,22,3,N,A,Y,A,H,D,A,01,N,01,E,,,,,I,Y,N,A,1,0,0,0,23152.0,1,39.27788373,-121.09281584,3
2016,2016-03-21,2125,3,1,21,1,N,D,Y,C,H,D,A,01,W,03,A,,,,,C,Y,N,D,2,0,0,0,22350.0,2,39.31198878,-120.71606948,4
2016,2016-03-15,1740,3,1,17,2,N,A,Y,A,H,A,A,01,S,03,C,,,,,C,Y,N,A,2,0,0,0,22350.0,4,39.04081402,-121.09488945,4
2016,2016-03-24,1745,3,1,17,4,N,A,N,A,H,A,A,07,S,03,C,,,,,C,Y,N,A,1,0,0,0,22350.0,3,39.24047,-121.0,3
2016,2016-03-10,1803,3,1,18,4,N,C,Y,B,H,D,A,08,E,08,E,,,,,I,Y,N,D,1,0,0,0,22107.0,1,39.32944846,-120.59009484,4
2016,2016-03-28,1135,3,1,11,1,N,D,Y,C,H,A,A,01,W,03,D,,,,Y,C,Y,N,D,1,0,0,0,22350.0,2,39.37020325,-120.04269513,4
2016,2016-03-22,1620,3,1,16,2,N,B,Y,B,H,A,A,08,S,03,E,,,,,I,Y,N,D,1,0,0,0,22350.0,1,39.19485408,-121.01033283,4
2016,2016-04-02,647,4,1,6,6,N,A,Y,A,H,A,D,22,S,05,E,,,,,I,Y,M,D,1,0,0,0,21651.0,2,39.18939863,-121.0519267,4
2016,2016-03-30,850,3,1,8,3,N,A,N,A,H,A,A,01,S,08,E,,,,,I,Y,N,D,1,0,0,0,22107.0,1,39.22623512,-121.14293488,4
2016,2016-03-26,1825,3,1,18,6,N,A,Y,A,H,A,A,01,W,01,E,,,,,I,Y,N,D,1,0,0,0,23152.0,1,39.42209049,-120.03503884,3
2016,2016-03-28,1130,3,1,11,1,N,B,Y,C,H,A,A,01,W,03,C,,,,,C,Y,N,D,3,0,0,0,22350.0,3,39.3287717,-120.26785306,3
2016,2016-04-07,650,4,1,6,4,N,A,N,A,H,A,A,01,W,08,E,,,,,I,Y,N,D,1,0,0,0,22107.0,1,39.25144738,-120.94750495,3
2016,2016-04-03,1305,4,1,13,7,Y,A,Y,A,H,A,D,22,,01,D,,,Y,,C,Y,F,D,2,0,0,1,23152.0,2,39.14796319,-121.06882421,2
2016,2016-03-29,2015,3,1,20,2,N,A,N,A,H,D,A,07,S,01,E,,,,,I,Y,N,D,1,0,0,0,23152.0,1,39.26007289,-121.08266924,4
2016,2016-04-14,653,4,1,6,4,N,B,Y,C,H,A,D,22,E,08,E,,,,,I,Y,N,D,1,0,0,0,22107.0,1,39.37006431,-120.04856128,3
2016,2016-04-14,700,4,1,7,4,N,B,Y,C,H,A,A,01,E,08,B,,,,,C,Y,M,D,2,0,0,0,22107.0,3,39.3706895,-120.04988971,4
2016,2016-04-14,655,4,1,6,4,N,B,Y,C,H,A,A,07,E,08,C,Y,,,,C,Y,N,D,1,1,0,0,22107.0,3,39.37047358,-120.04947833,3
2016,2016-04-14,654,4,1,6,4,N,B,Y,C,H,A,A,07,E,03,C,Y,,,,E,Y,N,D,1,1,0,0,22350.0,3,39.37006431,-120.04856128,4
2016,2016-04-05,40,4,1,0,2,N,A,Y,A,H,D,A,01,W,08,E,,,,,I,Y,N,D,1,0,0,0,22107.0,1,39.4326724,-120.03039939,4
2019,2019-12-02,539,12,4,5,1,N,C,Y,C,H,D,-,- ,N,00,A,,,,,C,Y,N,D,1,0,0,0,,2,39.316139221191406,-120.20426177978516,4
2016,2016-04-15,1,4,1,0,5,N,F,N,B,H,D,A,07,W,01,E,,,,,I,Y,N,D,1,0,0,0,23152.0,1,39.32455672,-120.30042487,3
2016,2016-04-23,2235,4,1,22,6,N,A,Y,A,H,D,A,01,E,07,C,,,,,C,N,N,D,1,0,0,0,21658.0,2,39.20017006,-121.2220808,4
2016,2016-04-16,1417,4,1,14,6,N,A,Y,A,H,A,C,02,S,08,E,,,Y,,I,Y,N,D,1,0,0,1,22100.0,1,39.27298876,-121.01064301,3
2016,2016-04-21,1513,4,1,15,4,N,B,Y,A,H,A,K,45,E,03,C,,,,,C,Y,N,D,1,0,0,0,22350.0,2,39.32382626,-120.21943915,4
2016,2016-04-19,1146,4,1,11,2,N,A,Y,A,H,A,A,01,E,01,E,,,,,I,Y,N,D,1,0,0,0,23152.0,1,39.31957575,-120.42617452,3