ACCIDENT_YEAR,COLLISION_DATE,COLLISION_TIME,MONTH,SEASON,24HOURS,DAY_OF_WEEK,INTERSECTION,WEATHER_1,STATE_HWY_IND,ROAD_SURFACE,ROAD_COND_1,LIGHTING,STWD_VEHTYPE_AT_FAULT,CHP_VEHTYPE_AT_FAULT,DIRECTION,PCF_VIOL_CATEGORY,TYPE_OF_COLLISION,PEDESTRIAN_ACCIDENT,BICYCLE_ACCIDENT,MOTORCYCLE_ACCIDENT,TRUCK_ACCIDENT,MVIW,TOW_AWAY,HIT_AND_RUN,CONTROL_DEVICE,NUMBER_INJURED,COUNT_PED_INJURED,COUNT_BICYCLIST_INJURED,COUNT_MC_INJURED,PCF_VIOLATION,PARTY_COUNT,POINT_Y,POINT_X,COLLISION_SEVERITY
2016,2016-09-26,1435,9,3,14,1,N,A,Y,A,H,A,D,22,S,07,E,,,,,I,Y,M,D,1,0,0,0,21658.0,2,39.19863268,-121.05742747,4
2016,2016-09-10,1330,9,3,13,6,N,A,Y,A,H,A,A,01,W,08,G,Y,,,,B,Y,N,A,1,1,0,0,22107.0,2,39.30697253,-120.68016648,3
2016,2016-09-22,1,9,3,0,4,N,A,Y,A,H,D,A,01,W,08,E,,,,,I,Y,N,D,3,0,0,0,22107.0,1,39.31810063,-120.56048031,3
2016,2016-07-29,415,7,2,4,5,N,A,N,A,H,D,D,22,E,08,E,,,,,J,Y,N,D,0,0,0,0,22107.0,1,39.28114809,-121.04491463,1
2016,2016-09-23,1355,9,3,13,5,N,A,N,A,H,A,-,- ,N,18,F,,,,Y,A,Y,N,D,1,0,0,0,,1,39.37034365,-120.67638744,3
2016,2016-09-28,950,9,3,9,3,Y,A,N,A,H,A,A,01,,08,E,,,,,I,Y,N,D,1,0,0,0,22107.0,1,39.14326,-121.06375995,4
2016,2016-10-02,2035,10,3,20,7,N,D,Y,C,H,D,A,01,W,03,B,,,,,C,Y,N,D,1,0,0,0,22350.0,2,39.3341048,-120.35797177,4
2016,2016-09-29,845,9,3,8,4,N,A,Y,A,H,A,F,26,S,03,C,,,,Y,C,Y,N,A,2,0,0,0,22350.0,3,39.11276147,-121.08234997,4
2016,2016-09-19,1145,9,3,11,1,N,A,Y,A,H,A,A,01,W,08,E,,,,,I,Y,N,D,1,0,0,0,22107.0,1,,,3
2016,2016-10-01,1750,10,3,17,6,N,A,N,A,H,A,D,22,S,08,E,,,,,J,Y,N,D,2,0,0,0,22107.0,1,39.20475025,-121.01103342,3
2016,2016-10-02,305,10,3,3,7,N,A,Y,A,H,C,A,01,E,01,E,,,,,I,Y,N,D,2,0,0,0,23152.0,1,,,3
2016,2016-10-02,150,10,3,1,7,N,A,Y,A,H,D,A,01,W,01,F,,,,,I,Y,N,D,2,0,0,0,23152.0,1,39.2622,-121.01703,3
2016,2016-10-01,2010,10,3,20,6,N,A,N,A,H,C,A,01,W,08,F,,,,,A,Y,N,D,2,0,0,0,22107.0,1,39.04295841,-121.08872652,4
2016,2016-09-27,1115,9,3,11,2,N,A,Y,A,H,A,A,01,S,08,E,,,,,I,Y,N,D,1,0,0,0,22107.0,1,39.13771744,-120.96568898,4
2016,2016-09-20,827,9,3,8,2,N,A,N,A,H,A,D,22,W,03,C,,,,,C,N,N,D,2,0,0,0,22350.0,2,39.04811708,-121.07045232,4
2016,2016-09-25,1,9,3,0,7,N,A,Y,A,H,D,A,01,S,01,B,,,,,C,Y,N,D,2,0,0,0,23152.0,2,39.18388543,-121.05245904,2
2016,2016-09-29,2200,9,3,22,4,N,A,N,A,H,D,A,07,S,01,F,,,,,A,Y,N,D,1,0,0,0,23152.0,1,39.16362805,-121.13176148,3
2016,2016-10-08,314,10,3,3,6,Y,A,N,A,H,D,A,01,,01,E,,,,,I,Y,N,D,1,0,0,0,23152.0,1,39.23771996,-120.97397986,3
2016,2016-10-13,2055,10,3,20,4,N,B,N,A,H,D,D,22,W,01,E,,,,,I,Y,N,D,1,0,0,0,23152.0,1,39.05207374,-121.03265364,3
2016,2016-10-09,220,10,3,2,7,N,A,Y,A,H,D,A,01,N,08,E,,,,,I,Y,N,D,2,0,0,0,22107.0,1,39.29689287,-121.09528418,4
2016,2016-10-06,1600,10,3,16,4,N,A,N,A,H,A,A,07,S,08,F,,,,,A,Y,N,D,1,0,0,0,22107.0,1,39.10269081,-121.04618528,3
2016,2016-10-14,1815,10,3,18,5,N,B,Y,B,H,D,D,22,S,03,C,,,,,C,Y,N,D,1,0,0,0,22350.0,2,39.33516468,-121.11536321,4
2016,2016-10-15,738,10,3,7,6,N,B,Y,B,H,A,A,01,N,03,E,,,,,I,Y,N,D,1,0,0,0,22350.0,1,39.26387641,-121.04696573,4
2016,2016-10-12,1945,10,3,19,3,N,A,N,A,H,D,D,22,S,05,E,,,,,I,Y,N,D,1,0,0,0,21650.0,1,39.29986,-120.70303,2
2016,2016-10-04,1920,10,3,19,2,Y,A,N,A,H,D,A,01,,08,A,,,,,C,Y,M,D,1,0,0,0,22107.0,2,39.0519699,-121.03263991,3
2016,2016-08-06,1451,8,2,14,6,N,A,Y,A,H,A,D,22,W,09,D,,,,,C,Y,N,D,3,0,0,0,21804.0,2,39.32061595,-120.61517051,1
2016,2016-10-17,1350,10,3,13,1,N,B,N,A,H,A,A,01,N,08,E,,,,,I,Y,N,D,1,0,0,0,22107.0,1,39.21860454,-121.20130646,3
2016,2016-10-15,1950,10,3,19,6,N,B,Y,B,H,D,A,01,W,08,E,,,,,I,Y,N,D,1,0,0,0,22107.0,1,39.32466789,-120.19448619,3
2016,2016-10-16,1940,10,3,19,7,N,C,Y,C,H,C,A,07,W,03,E,,,,,I,Y,N,D,1,0,0,0,22350.0,1,39.32508923,-120.3923992,4
2016,2016-10-21,2010,10,3,20,5,N,A,N,A,H,D,A,01,N,01,E,,,,,I,Y,N,D,1,0,0,0,23152.0,1,39.22499776,-121.14420533,3
2016,2016-10-20,1445,10,3,14,4,N,A,Y,A,H,A,A,01,S,09,D,,,,,C,Y,N,D,2,0,0,0,21801.0,2,39.26486031,-121.0507783,4
2016,2016-10-21,1435,10,3,14,5,N,A,Y,A,H,A,A,01,W,08,A,,,,,C,Y,N,A,2,0,0,0,22107.0,2,39.15834848,-121.06097679,4
2016,2016-10-16,2115,10,3,21,7,N,C,N,B,H,D,A,01,N,03,F,,,,,A,Y,N,D,4,0,0,0,22350.0,1,39.29447716,-120.98612525,4
2016,2016-10-19,1730,10,3,17,3,N,A,N,A,H,A,A,01,S,05,A,,,,,C,Y,N,D,1,0,0,0,21460.0,2,39.16610371,-121.16483689,4
2016,2016-10-18,1800,10,3,18,2,Y,B,N,B,H,A,A,01,,05,A,,,,,C,Y,N,D,1,0,0,0,21460.0,2,39.23897992,-120.99761989,4
2016,2016-10-14,1800,10,3,18,5,N,C,Y,B,H,B,A,01,N,03,E,,,,,I,Y,N,D,1,0,0,0,22350.0,1,39.13352603,-120.96022946,4
2016,2016-10-16,1757,10,3,17,7,N,C,Y,B,H,B,A,01,W,17,F,,,,,A,Y,N,D,1,0,0,0,21662.0,1,39.33578967,-120.35509503,3
2016,2016-10-20,1055,10,3,10,4,N,A,Y,A,H,A,C,02,E,22,F,,,Y,,A,N,N,D,1,0,0,1,,1,39.32313,-120.20761,3
2016,2016-10-02,1051,10,3,10,7,N,A,Y,A,D,A,A,01,S,03,C,,,,,C,Y,N,A,2,0,0,0,22350.0,2,39.18329382,-121.05256625,4
2016,2016-10-02,1050,10,3,10,7,N,A,Y,A,D,A,A,01,S,03,C,,,,,C,Y,N,A,1,0,0,0,22350.0,2,39.18319706,-121.05258396,3
2016,2016-10-24,1250,10,3,12,1,N,B,N,A,H,A,D,22,N,08,F,,,,,A,Y,N,D,2,0,0,0,22107.0,1,39.28150844,-121.12006581,4
2016,2016-10-14,1829,10,3,18,5,N,C,Y,B,H,C,G,25,W,03,E,,,,Y,I,Y,N,D,1,0,0,0,22350.0,1,39.39515745,-120.02488981,4
2016,2016-10-18,1942,10,3,19,2,N,A,Y,A,H,C,A,01,E,01,C,,,,,C,Y,F,D,2,0,0,0,23152.0,2,39.32313,-120.20761,3
2016,2016-10-27,2000,10,3,20,4,N,B,Y,B,H,D,A,01,W,03,E,,,,,I,N,N,D,1,0,0,0,22350.0,1,39.32770565,-120.23985786,4
2016,2016-10-28,1400,10,3,14,5,N,C,Y,B,H,A,D,22,N,03,C,,,,,C,N,N,D,1,0,0,0,22350.0,2,39.19119194,-120.99657962,4
2016,2016-10-27,1555,10,3,15,4,N,C,Y,B,H,A,-,- ,S,18,E,,,,,I,Y,N,D,1,0,0,0,,1,39.20846362,-121.06807001,4
2016,2016-10-30,15,10,3,0,7,N,B,N,A,H,D,-,- ,E,18,H,,,,,H,Y,N,D,1,0,0,0,,1,39.32522,-120.39223,3
2016,2016-10-18,1625,10,3,16,2,N,A,Y,A,H,A,A,07,N,08,F,,,,,A,Y,N,D,3,0,0,0,22107.0,1,39.02199417,-121.09953849,2
2016,2016-10-16,2055,10,3,20,7,N,C,Y,B,H,D,G,25,W,17,E,,,,Y,I,Y,N,D,1,0,0,0,21662.0,1,39.39440406,-120.02539262,2
2016,2016-10-30,1240,10,3,12,7,N,D,Y,B,H,A,A,07,E,17,F,,,,,A,Y,N,D,3,0,0,0,21662.0,1,39.33898446,-120.3486804,3
2016,2016-10-27,1620,10,3,16,4,N,B,Y,B,H,A,A,01,E,03,E,,,,,I,Y,N,D,1,0,0,0,22350.0,1,39.22335212,-121.05057263,4
2016,2016-10-16,740,10,3,7,7,N,B,Y,B,H,A,G,25,W,03,E,,,,Y,I,Y,N,D,1,0,0,0,22350.0,1,39.38058093,-120.02273986,2
2016,2016-10-31,1730,10,3,17,1,N,B,N,A,H,A,D,22,S,09,D,,,Y,,C,Y,N,D,1,0,0,1,21804.0,2,39.22927775,-121.10141535,3
2016,2016-10-27,800,10,3,8,4,Y,B,Y,A,H,A,A,01,,12,D,,,,,C,Y,N,A,1,0,0,0,21453.0,2,39.14109637,-121.07117566,4
2016,2016-10-16,1042,10,3,10,7,N,C,Y,B,H,A,G,25,W,08,E,,,,Y,I,Y,N,D,1,0,0,0,22107.0,1,39.39426399,-120.02545637,2
2016,2016-11-04,1620,11,3,16,5,N,A,Y,A,H,A,A,08,S,03,C,,,,,C,Y,N,A,1,0,0,0,22350.0,3,39.04094004,-121.09484091,4
2016,2016-10-30,1920,10,3,19,7,N,C,Y,B,H,D,A,01,S,01,E,,,,,I,Y,N,D,1,0,0,0,23152.0,1,39.12933525,-121.075268,3
2016,2016-11-03,1730,11,3,17,4,N,A,Y,A,H,A,D,22,S,03,C,,,,,C,Y,N,D,2,0,0,0,22350.0,2,39.19946611,-121.05833954,4
2016,2016-10-24,200,10,3,2,1,Y,B,N,B,H,D,A,01,,01,E,,,,,I,Y,N,D,1,0,0,0,23152.0,1,39.21406993,-120.9920999,4
2016,2016-11-01,2330,11,3,23,2,N,A,Y,A,H,D,A,01,E,03,H,,,,,H,Y,N,D,4,0,0,0,22350.0,1,39.30566221,-120.9140016,2
2016,2016-10-26,109,10,3,1,3,N,B,Y,B,H,D,A,01,W,01,E,,,,,I,Y,N,D,1,0,0,0,23152.0,1,39.24213898,-121.03236283,4
2016,2016-11-09,820,11,3,8,3,N,A,Y,B,H,A,A,07,N,05,E,,,,,I,Y,N,A,1,0,0,0,21650.0,1,39.2843614,-121.10052624,4
2016,2016-11-09,1220,11,3,12,3,N,A,Y,A,H,A,D,22,E,09,D,,,,,C,Y,N,D,3,0,0,0,21801.0,2,39.20931466,-121.2472643,3
2016,2016-10-19,1320,10,3,13,3,N,A,Y,A,H,A,C,02,N,03,C,,,Y,,C,N,N,D,2,0,0,1,22350.0,2,39.07869919,-121.087013,3
2016,2016-03-12,1424,3,1,14,6,N,D,Y,C,H,A,A,07,W,08,G,Y,,,,B,N,N,D,1,0,0,0,22107.0,2,39.33790613,-120.35226757,1
2016,2016-04-13,940,4,1,9,3,N,A,Y,A,H,A,F,26,W,03,C,,,,Y,C,Y,N,D,2,0,0,0,22350.0,2,39.33108843,-120.25035668,2
2016,2016-11-05,1305,11,3,13,6,N,A,N,A,H,A,C,02,W,03,C,,,Y,,C,N,N,D,1,0,0,1,22350.0,2,39.237821,-121.01923398,4
2016,2016-10-26,1320,10,3,13,3,N,A,N,A,H,A,A,01,N,08,E,,,,,I,Y,N,D,2,0,0,0,22107.0,1,39.35713417,-121.06656773,3
2016,2016-11-08,1715,11,3,17,2,N,A,Y,A,H,B,A,01,E,03,C,,,Y,,C,Y,N,D,1,0,0,1,22350.0,2,39.21336293,-121.06503356,3
2016,2016-11-04,1600,11,3,16,5,N,A,Y,A,H,A,A,07,S,03,C,,,,,C,Y,N,A,1,0,0,0,22350.0,4,39.04083759,-121.0948859,4
2016,2016-11-04,1630,11,3,16,5,N,A,Y,A,H,A,D,22,S,03,C,,,,,C,Y,N,A,1,0,0,0,22350.0,2,39.04035204,-121.09495905,4
2016,2016-11-06,1605,11,3,16,7,N,A,N,A,H,A,A,07,S,08,E,,,,,I,Y,N,D,1,0,0,0,22107.0,1,39.19523366,-121.17823899,3
2016,2016-11-05,750,11,3,7,6,N,A,Y,A,H,A,A,01,S,08,E,,,,,I,Y,N,A,1,0,0,0,22107.0,1,39.26386447,-121.04763981,3
2016,2016-11-08,1715,11,3,17,2,Y,A,Y,A,H,C,A,01,,09,D,,,,,C,Y,N,A,1,0,0,0,21802.0,2,39.26764251,-121.02788238,4
2016,2016-11-05,2228,11,3,22,6,N,A,N,A,H,C,D,22,W,01,E,,,,,I,Y,N,D,1,0,0,0,23152.0,1,39.22968146,-121.07791479,3
2016,2016-11-14,1725,11,3,17,1,N,A,N,A,H,C,N,60,S,11,G,Y,,,,B,N,N,D,1,1,0,0,21954.0,2,39.20655396,-121.07599854,3
2016,2016-10-02,1620,10,3,16,7,N,C,Y,B,H,A,G,27,W,08,E,,,,Y,I,Y,N,D,1,0,0,0,22107.0,1,39.37392735,-120.032339,3
2016,2016-11-16,800,11,3,8,3,N,D,Y,C,H,A,G,25,E,03,C,,,,Y,C,N,N,D,1,0,0,0,22350.0,2,39.32985972,-120.28244379,4
2016,2016-11-19,1425,11,3,14,6,N,D,Y,C,H,A,A,07,E,03,E,,,,,I,Y,N,D,1,0,0,0,22350.0,1,39.32682177,-120.59343141,4
2016,2016-11-17,940,11,3,9,4,N,A,Y,A,D,A,A,01,E,03,C,,,,,C,N,N,A,1,0,0,0,22350.0,2,39.32339698,-120.41139909,4
2016,2016-11-11,2025,11,3,20,5,N,A,Y,A,H,C,A,01,S,08,E,,,,,I,Y,N,D,1,0,0,0,22107.0,1,39.20911,-121.06862,4
2016,2016-11-21,1940,11,3,19,1,N,B,Y,C,H,D,D,22,W,03,E,,,,,I,Y,N,D,1,0,0,0,22350.0,1,39.32277095,-120.6040511,4
2016,2016-11-20,1315,11,3,13,7,N,B,N,B,H,A,A,07,N,03,E,,,,,I,Y,N,A,1,0,0,0,22350.0,1,39.14667053,-121.03115411,3
2016,2016-11-10,1800,11,3,18,4,Y,A,Y,A,H,D,A,01,,09,D,,,,,C,Y,N,A,3,0,0,0,21804.0,2,39.18634594,-121.05200431,3
2016,2016-11-06,2500,11,3,25,7,N,B,N,B,A,A,D,22,W,08,F,,,,,A,Y,N,D,1,0,0,0,22107.0,1,,,3
2016,2016-11-17,851,11,3,8,4,N,A,Y,A,H,A,C,02,S,03,F,,,Y,,A,Y,N,A,1,0,0,1,22350.0,1,39.29671982,-121.10525481,2
2016,2016-11-27,5,11,3,0,7,N,B,Y,C,H,C,A,07,W,03,C,,,,,C,N,N,D,3,0,0,0,22350.0,2,39.37832972,-120.10181259,4
2016,2016-11-02,630,11,3,6,3,N,A,N,A,H,D,A,07,E,03,E,,,,,I,N,N,D,1,0,0,0,22350.0,1,39.33968743,-121.08131889,4
2016,2016-11-23,2100,11,3,21,3,N,B,Y,A,H,D,A,01,E,01,E,,,,,I,Y,N,D,1,0,0,0,23152.0,1,39.31431344,-120.72198935,4
2016,2016-11-28,1550,11,3,15,1,N,B,N,A,H,A,A,01,N,03,C,,,,,C,N,N,D,1,0,0,0,22350.0,2,39.16095148,-121.04138805,4
2016,2016-11-27,1315,11,3,13,7,N,B,N,C,H,A,A,07,W,03,C,Y,,,,C,Y,N,A,1,1,0,0,22350.0,5,39.32357042,-120.38157018,4
2016,2016-11-29,2010,11,3,20,2,N,B,N,A,H,D,A,01,S,05,A,,,,,C,Y,N,D,1,0,0,0,21460.0,2,39.27184294,-121.02165157,3
2016,2016-11-28,2305,11,3,23,1,N,A,Y,A,H,D,D,22,S,08,F,,,,,A,Y,N,D,1,0,0,0,22107.0,1,39.01636345,-121.10161315,3
2016,2016-11-26,1355,11,3,13,6,N,D,Y,C,H,A,D,22,E,03,A,,,,,C,Y,N,A,2,0,0,0,22350.0,2,39.30496056,-120.71747031,3
2016,2016-11-11,1645,11,3,16,5,Y,A,Y,A,H,A,A,08,,03,C,,,,,C,Y,N,A,2,0,0,0,22350.0,2,39.04308334,-121.09458044,3
2016,2016-11-09,750,11,3,7,3,N,A,Y,A,H,A,A,07,W,03,C,,,,Y,C,Y,N,D,2,0,0,0,22350.0,2,39.20331719,-121.22989254,3
2016,2016-12-01,735,12,4,7,4,Y,A,Y,B,H,A,D,22,,03,A,,,,,C,Y,N,A,1,0,0,0,22350.0,2,39.19003454,-120.97683828,3
2016,2016-11-19,1500,11,3,15,6,N,B,Y,C,H,A,A,07,E,03,B,,,,Y,C,N,N,A,1,0,0,0,22350.0,2,39.32598733,-120.59758022,4
2016,2016-11-21,2038,11,3,20,1,N,A,N,C,H,D,E,22,W,03,F,,,,,A,Y,N,D,1,0,0,0,22350.0,1,39.32159143,-120.61059861,4
2016,2016-11-16,640,11,3,6,3,N,B,Y,B,H,B,A,07,W,08,E,,,,,I,Y,N,D,1,0,0,0,22107.0,1,39.31734511,-120.8916796,3
2016,2016-11-17,1120,11,3,11,4,N,A,N,A,H,A,D,22,W,08,E,,,,,I,Y,N,D,1,0,0,0,22107.0,1,39.21351074,-121.00944039,4
2016,2016-12-06,745,12,4,7,2,N,A,Y,A,H,A,A,01,S,03,C,,,,,C,N,N,A,1,0,0,0,22350.0,2,39.15788099,-121.06128386,4
2016,2016-12-02,1400,12,4,14,5,N,A,N,A,H,A,A,07,N,09,D,,,,,C,Y,N,D,2,0,0,0,21801.0,2,39.20017287,-121.17278256,4
2016,2016-12-11,1615,12,4,16,7,N,A,Y,A,H,A,A,01,E,08,F,,,,,A,Y,N,D,1,0,0,0,22107.0,1,39.34208569,-120.31290572,4
2016,2016-11-22,730,11,3,7,2,N,A,N,A,H,A,A,07,E,08,F,,,,,A,Y,N,D,4,0,0,0,22107.0,1,39.05637534,-121.02865779,3
2016,2016-12-08,725,12,4,7,4,N,C,N,B,H,A,A,01,N,05,A,,,,,C,Y,F,D,2,0,0,0,21460.0,2,39.2704716,-121.1128773,3
2016,2016-12-07,1914,12,4,19,3,Y,B,Y,B,H,D,A,07,,08,E,,,,,I,Y,N,D,1,0,0,0,22107.0,1,39.20560139,-121.23441625,3
2016,2016-11-22,1500,11,3,15,2,N,B,Y,B,H,A,A,01,W,08,E,,,,,I,Y,N,A,1,0,0,0,22107.0,2,39.31309102,-120.71527578,4
2016,2016-11-24,1620,11,3,16,4,Y,B,Y,A,H,A,A,01,,03,C,,,,,C,Y,N,A,1,0,0,0,22350.0,2,39.14118665,-121.07115793,4
2016,2016-12-11,550,12,4,5,7,N,B,Y,B,H,C,D,22,N,08,E,,,,,I,Y,N,D,1,0,0,0,22107.0,1,39.03557841,-121.09585003,4
2016,2016-12-05,50,12,4,0,1,N,A,Y,A,H,D,A,01,S,08,E,,,,,I,Y,N,D,1,0,0,0,22107.0,1,39.13505635,-120.96217745,4
2016,2016-12-08,1025,12,4,10,4,N,C,N,B,H,A,A,01,W,08,E,,,,,I,Y,N,A,1,0,0,0,22107.0,1,39.25368377,-121.12853362,4
2016,2016-12-13,1440,12,4,14,2,N,D,Y,C,H,A,A,07,E,17,F,,,,,A,Y,N,D,1,0,0,0,21662.0,1,39.32740008,-120.38757542,4
2016,2016-12-15,1625,12,4,16,4,Y,C,Y,B,H,A,D,22,,03,C,,,,,C,N,N,D,1,0,0,0,22350.0,2,39.32508,-120.2246,4
2016,2016-12-12,310,12,4,3,1,N,B,N,A,H,D,D,22,N,01,F,,,,,A,N,N,D,1,0,0,0,23152.0,1,39.22126744,-121.14903204,3
2016,2016-12-16,1608,12,4,16,5,N,D,Y,C,H,A,D,22,E,03,B,,,,,C,N,M,D,1,0,0,0,22350.0,2,,,4
2016,2016-12-19,2140,12,4,21,1,N,A,Y,A,H,C,-,- ,E,18,H,,,,,H,Y,N,D,1,0,0,0,,1,39.23550536,-121.03652614,4
2016,2016-12-16,1000,12,4,10,5,N,D,Y,C,H,A,A,07,W,03,C,,,,,E,Y,N,D,2,0,0,0,22350.0,3,39.30936128,-120.71857458,4
2016,2016-12-02,1447,12,4,14,5,N,A,N,A,H,A,C,02,W,01,A,,,Y,,C,Y,N,D,2,0,0,1,23152.0,2,39.20264166,-121.0806246,2
2016,2016-12-23,1630,12,4,16,5,N,B,N,B,H,B,A,01,E,03,E,,,,,I,Y,N,D,1,0,0,0,22350.0,1,39.19159382,-121.05141418,4
2020,2020-02-15,1616,2,4,16,6,Y,A,Y,A,H,A,A,01,,12,D,,,,,C,Y,N,A,3,0,0,0,21453.0,2,39.337310791015625,-120.16763305664062,3
2016,2016-12-16,1530,12,4,15,5,N,A,Y,C,H,A,A,07,E,03,E,Y,,,,I,Y,N,D,3,2,0,0,22350.0,5,39.42229786,-120.0351783,2
2016,2016-12-20,2345,12,4,23,2,N,A,Y,B,H,A,A,07,W,03,E,,,,,J,Y,N,D,1,0,0,0,22350.0,1,39.32996299,-120.58550432,2
2016,2016-12-23,1210,12,4,12,5,N,C,Y,B,H,A,A,01,E,08,E,,,,,I,Y,N,D,2,0,0,0,22107.0,2,39.29131644,-120.93510783,3
2016,2016-12-23,2025,12,4,20,5,N,D,Y,C,H,D,A,01,W,03,C,,,,Y,E,Y,N,D,1,0,0,0,22350.0,2,39.38398025,-120.08681204,3
2016,2016-12-23,712,12,4,7,5,N,D,Y,C,H,A,A,01,E,03,E,,,,,I,Y,N,D,1,0,0,0,22350.0,1,39.37839881,-120.07196479,4
2016,2016-12-12,850,12,4,8,1,Y,A,Y,A,H,A,A,01,,09,D,,,,,C,N,F,A,1,0,0,0,21802.0,2,,,3
2016,2016-12-17,252,12,4,2,6,N,A,N,A,H,D,J,48,E,08,E,,,,,I,Y,N,D,1,0,0,0,22107.0,1,39.04700342,-121.05167614,4
2016,2016-12-17,2335,12,4,23,6,N,A,N,A,H,D,A,01,N,01,E,,,,,I,Y,N,D,2,0,0,0,23152.0,1,39.15919124,-120.97891281,2
2016,2016-12-30,1700,12,4,17,5,N,A,Y,A,H,A,A,01,E,08,E,,,,,I,Y,N,D,1,0,0,0,22107.0,1,39.38359756,-120.08066142,4
2016,2016-12-28,605,12,4,6,3,N,A,Y,C,H,C,D,22,W,03,F,,,,,A,Y,N,D,1,0,0,0,22350.0,1,39.36682295,-120.11554904,4
2016,2016-12-28,810,12,4,8,3,N,A,N,C,H,A,A,07,E,03,E,,,,,I,Y,N,D,2,0,0,0,22350.0,1,39.32144555,-120.36543071,3
2016,2016-12-27,715,12,4,7,2,N,A,Y,C,H,A,D,22,E,03,E,,,,,I,Y,N,D,2,0,0,0,22350.0,1,,,4
2016,2016-12-28,642,12,4,6,3,N,A,Y,C,H,B,A,07,E,03,E,,,,,I,Y,N,D,1,0,0,0,22350.0,1,39.32352038,-120.19988561,3
2016,2016-12-22,415,12,4,4,4,N,A,Y,A,H,D,A,08,W,08,C,,,,,C,Y,F,D,1,0,0,0,22107.0,2,39.32125494,-120.60522575,4
2016,2016-12-21,430,12,4,4,3,N,B,N,A,H,D,A,07,N,08,E,,,,,I,Y,N,D,1,0,0,0,22107.0,1,39.19796802,-121.09345663,3
2016,2016-12-23,1514,12,4,15,5,N,D,Y,C,H,A,A,07,E,03,C,,,,,C,Y,N,A,1,0,0,0,22350.0,2,39.31939191,-120.60887566,4
2016,2016-12-21,1740,12,4,17,3,N,A,Y,A,H,C,C,02,S,03,C,,,Y,,C,N,N,A,1,0,0,1,22350.0,2,39.11226673,-121.08255354,3
2016,2016-12-22,1640,12,4,16,4,N,A,Y,A,H,A,D,22,E,03,C,,,,,C,Y,N,D,1,0,0,0,22350.0,2,39.29301365,-120.93204694,3
2017,2017-01-03,720,1,4,7,2,N,B,Y,C,H,B,A,01,W,03,D,,,,,C,Y,N,D,1,0,0,0,22350.0,2,39.24262068,-121.03147891,4
2016,2016-12-13,1012,12,4,10,2,N,B,N,A,H,A,D,22,W,08,E,,,,,I,Y,N,D,1,0,0,0,22107.0,1,39.10218783,-121.09005168,3
2017,2017-01-09,1630,1,4,16,1,N,D,Y,C,H,A,A,07,E,03,E,,,,,I,Y,N,A,1,0,0,0,22350.0,1,39.36017176,-120.13624317,4
2017,2017-01-02,2345,1,4,23,1,N,D,Y,C,H,D,D,22,E,03,E,,,,,I,Y,N,A,1,0,0,0,22350.0,1,39.42419416,-120.03575838,4
2017,2017-01-04,1130,1,4,11,3,N,D,Y,C,H,A,A,07,E,03,C,,,,Y,C,Y,N,D,2,0,0,0,22350.0,4,39.37629917,-120.07027229,4
2017,2017-01-11,2115,1,4,21,3,N,B,Y,C,H,C,A,07,E,03,E,,,,,I,Y,N,D,2,0,0,0,22350.0,1,39.40299695,-120.02370211,4
2017,2017-01-11,1800,1,4,18,3,N,D,Y,C,H,D,D,22,E,03,C,,,,,C,N,N,D,1,0,0,0,22350.0,3,39.37369091,-120.06410249,4
2017,2017-01-08,1720,1,4,17,7,N,B,Y,B,C,D,-,- ,N,18,E,,,,,J,Y,N,D,1,0,0,0,,1,39.0515782,-121.09364797,4
2017,2017-01-13,805,1,4,8,5,N,A,N,C,H,A,A,07,W,03,F,,,,,A,Y,N,D,1,0,0,0,22350.0,1,39.24305015,-121.10752428,4
2017,2017-01-09,1045,1,4,10,1,N,A,N,B,H,A,A,07,W,05,E,,,,,I,Y,N,D,1,0,0,0,21650.0,1,39.19114904,-120.95897625,4
2020,2020-01-23,1549,1,4,15,4,Y,B,Y,A,H,A,A,01,,03,C,,,,,C,N,N,A,1,0,0,0,22350.0,2,39.21490097045898,-121.0631866455078,4
2016,2016-12-28,1925,12,4,19,3,N,A,Y,A,H,D,-,- ,E,18,H,,,,,H,N,N,D,1,0,0,0,,1,39.20645629,-121.14571504,4
2017,2017-01-11,1755,1,4,17,3,N,B,Y,C,H,D,D,22,E,03,E,,,,,I,Y,N,D,1,0,0,0,22350.0,1,39.3740126,-120.06494737,4
2017,2017-01-17,15,1,4,0,2,N,A,Y,C,H,C,A,01,W,01,E,,,,,I,Y,N,D,1,0,0,0,23152.0,1,39.33022872,-120.57606849,4
2017,2017-01-19,2115,1,4,21,4,N,C,N,B,H,D,D,22,W,08,E,,,,,I,Y,N,D,1,0,0,0,22107.0,1,39.23926391,-120.99914075,4
2017,2017-01-12,1015,1,4,10,4,N,B,Y,C,G,A,A,07,E,08,F,,,,,A,Y,N,A,2,0,0,0,22107.0,1,39.32178107,-120.83739419,3